Workbook

Sheet Tong_Quan_Dashboard
A1: BÁO CÁO KIỂM THỬ & TÍCH HỢP HỆ THỐNG — NGƯỜI 4 (CẬP NHẬT SAU KHI NHẬN CODE P1, P2, P3)
A2: Học phần: Thị giác máy tính (Mã môn: 121036) | Đánh giá độc lập 10 hàm thuật toán & Notebook thí nghiệm
A4: 1. THỐNG KÊ KẾT QUẢ KIỂM THỬ THỰC TẾ THEO TỪNG PHẦN | I4: 2. TÓM TẮT ĐÁNH GIÁ NHANH CHO NGƯỜI 4 SAU ĐỢT TEST ĐẦU TIÊN
A5: Hạng mục (Component) | B5: Người phụ trách | C5: Tổng số Test Case | D5: Đã đạt (PASS) | E5: Cần sửa (FAIL) | F5: Chờ chạy (PENDING) | G5: Tỷ lệ đạt (PASS %) | I5: Người 1 (CLAHE): | J5: ĐẠT 10/10 PASS. Cả 3 hàm thuật toán và Notebook thí nghiệm đều hoàn chỉnh, đúng đặc tả, không dùng thư viện cấm.
A6: CLAHE | B6: Người 1 | C6: =COUNTIF(Bang_Kiem_Thu_Chi_Tiet!$B$5:$B$29, A6) | D6: =COUNTIFS(Bang_Kiem_Thu_Chi_Tiet!$B$5:$B$29, A6, Bang_Kiem_Thu_Chi_Tiet!$G$5:$G$29, "PASS") | E6: =COUNTIFS(Bang_Kiem_Thu_Chi_Tiet!$B$5:$B$29, A6, Bang_Kiem_Thu_Chi_Tiet!$G$5:$G$29, "FAIL") | F6: =COUNTIFS(Bang_Kiem_Thu_Chi_Tiet!$B$5:$B$29, A6, Bang_Kiem_Thu_Chi_Tiet!$G$5:$G$29, "PENDING") | G6: =IF(C6>0, D6/C6, 0) | I6: Người 2 (Ngưỡng thích nghi): | J6: ĐẠT 5/7 PASS (Thuật toán tính toán cực chuẩn, khớp brute-force 100%). Chỉ cần sửa 2 chi tiết nhỏ về đặc tả: (1) Đổi dtype của integral_image sang int64; (2) Đổi tham số mặc định adaptive_threshold thành method='bradley', k=0.34. Phần thí nghiệm cần thêm r=1 vào đồ thị thời gian và thêm ngưỡng thủ công.
A7: Adaptive Threshold | B7: Người 2 | C7: =COUNTIF(Bang_Kiem_Thu_Chi_Tiet!$B$5:$B$29, A7) | D7: =COUNTIFS(Bang_Kiem_Thu_Chi_Tiet!$B$5:$B$29, A7, Bang_Kiem_Thu_Chi_Tiet!$G$5:$G$29, "PASS") | E7: =COUNTIFS(Bang_Kiem_Thu_Chi_Tiet!$B$5:$B$29, A7, Bang_Kiem_Thu_Chi_Tiet!$G$5:$G$29, "FAIL") | F7: =COUNTIFS(Bang_Kiem_Thu_Chi_Tiet!$B$5:$B$29, A7, Bang_Kiem_Thu_Chi_Tiet!$G$5:$G$29, "PENDING") | G7: =IF(C7>0, D7/C7, 0) | I7: Người 3 (Hough đa tỉ lệ): | J7: CHƯA ĐẠT (0/5 PASS - Cần sửa gấp). Có 5 lỗi lớn: (1) Đang gọi scipy.signal.convolve2d (bị cấm) thay vì convolve2d Phần A; (2) Sai chữ ký hàm và thứ tự trả về ở cả 3 hàm; (3) Quên đổi dấu rho khi quấn góc % 180 làm sai đường 179.5°; (4) Chưa hỗ trợ n_levels, refine_factor; (5) Thiếu các thí nghiệm mục 4.7.
A8: Multiscale Hough | B8: Người 3 | C8: =COUNTIF(Bang_Kiem_Thu_Chi_Tiet!$B$5:$B$29, A8) | D8: =COUNTIFS(Bang_Kiem_Thu_Chi_Tiet!$B$5:$B$29, A8, Bang_Kiem_Thu_Chi_Tiet!$G$5:$G$29, "PASS") | E8: =COUNTIFS(Bang_Kiem_Thu_Chi_Tiet!$B$5:$B$29, A8, Bang_Kiem_Thu_Chi_Tiet!$G$5:$G$29, "FAIL") | F8: =COUNTIFS(Bang_Kiem_Thu_Chi_Tiet!$B$5:$B$29, A8, Bang_Kiem_Thu_Chi_Tiet!$G$5:$G$29, "PENDING") | G8: =IF(C8>0, D8/C8, 0) | I8: Hành động tiếp theo của Người 4: | J8: Gửi bảng Bug Log (Sheet 3) cho Người 2 và Người 3 tự sửa code theo đúng quy định (Người 4 không sửa thay code thuật toán), sau đó nhận lại bản sửa và chạy Re-test.
A9: Integration & QC | B9: Người 4 + Người 5 | C9: =COUNTIF(Bang_Kiem_Thu_Chi_Tiet!$B$5:$B$29, A9) | D9: =COUNTIFS(Bang_Kiem_Thu_Chi_Tiet!$B$5:$B$29, A9, Bang_Kiem_Thu_Chi_Tiet!$G$5:$G$29, "PASS") | E9: =COUNTIFS(Bang_Kiem_Thu_Chi_Tiet!$B$5:$B$29, A9, Bang_Kiem_Thu_Chi_Tiet!$G$5:$G$29, "FAIL") | F9: =COUNTIFS(Bang_Kiem_Thu_Chi_Tiet!$B$5:$B$29, A9, Bang_Kiem_Thu_Chi_Tiet!$G$5:$G$29, "PENDING") | G9: =IF(C9>0, D9/C9, 0)
A10: TỔNG CỘNG TOÀN DỰ ÁN | B10: 5 Thành viên | C10: =SUM(C6:C9) | D10: =SUM(D6:D9) | E10: =SUM(E6:E9) | F10: =SUM(F6:F9) | G10: =IF(C10>0, D10/C10, 0)

Sheet Bang_Kiem_Thu_Chi_Tiet
A1: BẢNG KẾT QUẢ KIỂM THỬ CHI TIẾT 10 HÀM & TÍCH HỢP (TEST RESULTS)
A2: Đã cập nhật kết quả chạy kiểm thử thực tế trên P1_CLAHE.py, integral_threshold.py và Hough.py
A4: Test ID | B4: Component | C4: Function | D4: Input/Parameters | E4: Expected Result | F4: Actual Result | G4: Status | H4: Evidence | I4: Notes
A5: TC_P1_01 | B5: CLAHE | C5: clip_histogram | D5: hist ngẫu nhiên (256,) int64 (seed=42, tổng=64196), clip_limit=200 | E5: Trả về mảng (256,), tổng bảo toàn = 64196, các bin vượt 200 được cắt và phân phối đều phần dư | F5: shape=(256,), dtype=int64, sum=64196, max_bin=295 (Bảo toàn tổng 100%) | G5: PASS | H5: src/P1_CLAHE.py & P1_CLAHE.ipynb (Cell 5) | I5: Bảo toàn chính xác tổng histogram (E // L và E % L)
A6: TC_P1_02 | B6: CLAHE | C6: clip_histogram | D6: hist ngẫu nhiên (256,), clip_limit=10000 (lớn hơn max(hist)) | E6: Không có bin nào bị cắt (E=0), mảng trả về giữ nguyên giá trị ban đầu, tổng = 64196 | F6: array_equal=True, sum=64196 | G6: PASS | H6: Script kiểm thử độc lập Người 4 | I6: Đúng lý thuyết mục 2.3 (quay về AHE thuần túy khi ngưỡng cắt lớn)
A7: TC_P1_03 | B7: CLAHE | C7: clip_histogram | D7: hist ngẫu nhiên (256,), clip_limit=1 (trường hợp biên san phẳng tối đa) | E7: Không lỗi, tổng histogram vẫn bảo toàn = 64196, chênh lệch giữa max và min bin tối đa là 1 | F7: sum=64196, min=250, max=251 | G7: PASS | H7: Script kiểm thử độc lập Người 4 | I7: Xử lý tốt giới hạn dưới limit < 1 và phần dư E mod L
A8: TC_P1_04 | B8: CLAHE | C8: build_tile_luts | D8: img ngẫu nhiên (103, 157) uint8, grid=(8, 8), clip_limit=2.0 | E8: Trả về mảng LUT (8, 8, 256) kiểu uint8, giá trị trong [0, 255], đơn điệu không giảm theo mức xám | F8: shape=(8, 8, 256), dtype=uint8, range=[0, 255], monotonic=True | G8: PASS | H8: src/P1_CLAHE.py & P1_CLAHE.ipynb (Cell 5) | I8: Chia ô nguyên (i*H//Gy) xử lý tốt kích thước ảnh lẻ
A9: TC_P1_05 | B9: CLAHE | C9: build_tile_luts | D9: Ảnh phẳng hoàn toàn (64, 64) uint8 (mọi pixel = 128), grid=(8, 8), clip_limit=2.0 | E9: Không xảy ra lỗi chia cho 0 khi denom <= 0, trả về LUT hợp lệ (8, 8, 256) uint8 | F9: shape=(8, 8, 256), dtype=uint8, has_nan=False | G9: PASS | H9: Script kiểm thử độc lập Người 4 | I9: Có nhánh kiểm tra denom <= 0 trả về LUT tuyến tính
A10: TC_P1_06 | B10: CLAHE | C10: clahe | D10: Ảnh kích thước chia hết cho lưới: (256, 256) uint8, grid=(8, 8), clip_limit=2.0 | E10: Trả về ảnh (256, 256) kiểu uint8, giá trị nằm trong [0, 255] | F10: shape=(256, 256), dtype=uint8, min=0, max=255 | G10: PASS | H10: src/P1_CLAHE.py & P1_CLAHE.ipynb (Cell 5) | I10: Chạy nhanh (vector hóa nội suy LUT bằng NumPy)
A11: TC_P1_07 | B11: CLAHE | C11: clahe | D11: Ảnh kích thước lẻ không chia hết cho lưới: (103, 157) uint8, grid=(8, 8), clip_limit=2.0 | E11: Trả về ảnh (103, 157) kiểu uint8, không lỗi chỉ số ở biên | F11: shape=(103, 157), dtype=uint8, min=0, max=255 | G11: PASS | H11: src/P1_CLAHE.py & P1_CLAHE.ipynb (Cell 5) | I11: Kẹp chỉ số tâm ô (np.clip) xử lý mượt 4 góc và 4 cạnh
A12: TC_P1_08 | B12: CLAHE | C12: clahe | D12: Ảnh phẳng đồng nhất (64, 64) uint8 (pixel = 128), grid=(8, 8), clip_limit=2.0 | E12: Trả về ảnh (64, 64) uint8, không có NaN, không khuếch đại nhiễu giả tạo | F12: shape=(64, 64), dtype=uint8, unique_vals=[126] | G12: PASS | H12: Script kiểm thử độc lập Người 4 | I12: Đầu ra đồng nhất, an toàn với vùng hoàn toàn phẳng
A13: TC_P1_09 | B13: CLAHE | C13: clahe | D13: Ảnh nhỏ (15, 19) uint8 với các cấu hình lưới biên: grid=(1, 1), (1, 8), (8, 1) | E13: Tất cả trả về đúng kích thước (15, 19) uint8, không lỗi chia cho dy hoặc dx bằng 0 | F13: shapes: g11=(15, 19), g18=(15, 19), g81=(15, 19); dtype=uint8 | G13: PASS | H13: Script kiểm thử độc lập Người 4 | I13: Có xử lý nhánh Gy==1 và Gx==1 đầy đủ
A14: TC_P1_10 | B14: CLAHE | C14: clahe | D14: Ảnh dải chuyển sắc mượt (128, 128) uint8, grid=(8, 8), clip_limit=2.0 | E14: Nội suy trên 4 giá trị LUT lân cận, không xuất hiện đường ranh giới ô vuông (blocking artifact) | F14: shape=(128, 128), bước nhảy mức xám ngang lớn nhất giữa 2 pixel kề nhau = 3 | G14: PASS | H14: P1_CLAHE.ipynb (Cell 11, 15) & Test script | I14: Đạt yêu cầu mục 2.4: nội suy giá trị bảng tra T_ij[v]
A15: TC_P2_01 | B15: Adaptive Threshold | C15: integral_image | D15: Ảnh nhỏ 3x3 uint8 đã biết giá trị (np.ones((3,3), dtype=uint8)) | E15: Trả về mảng S kích thước (4, 4), dtype=int64, hàng 0 và cột 0 toàn số 0, S[3,3] = 9 | F15: shape=(4, 4), hàng 0 & cột 0 = 0, S[3,3]=9.0, NHƯNG dtype=float64 (yêu cầu đặc tả là int64) | G15: FAIL | H15: integral_threshold.py (dòng 19-22) | I15: Xem BUG_05: Cần đổi dtype của integral_image sang np.int64 theo mục 3.5 PDF
... A29: TC_INT_03 | B29: Integration & QC | C29: P3_Hough.ipynb & main.ipynb | D29: Rà soát thí nghiệm Kỹ thuật 3 (mục 4.7a, 4.7b, 4.7c) và tích hợp toàn bộ vào main.ipynb | E29: Đủ thí nghiệm quét 4x4 (d_theta, d_rho), đồ thị sai số theo tầng n, bảng 3 chỉ số (thô, mịn, đa tỉ lệ), bật/tắt gradient | F29: P3_Hough.ipynb mới có 1 test nhỏ, thiếu toàn bộ thí nghiệm mục 4.7a, 4.7b và 4.7c; chưa có file cau_A.py (convolve2d) | G29: FAIL | H29: P3_Hough.ipynb & src/ | I29: Xem BUG_03 & BUG_13: Cần bổ sung hàm convolve2d Phần A và hoàn thiện thí nghiệm P3

Sheet Danh_Sach_Loi_Bug_Log
A1: NHẬT KÝ GHI NHẬN LỖI & YÊU CẦU CHỈNH SỬA (BUG LOG DÀNH CHO NGƯỜI 4 BÁO LẠI NHÓM)
A2: Ghi rõ: Hàm liên quan, dữ liệu thử, kết quả mong đợi, kết quả thực tế, cách tái hiện và trạng thái xử lý
A4: Mã lỗi (Bug ID) | B4: Phần / Hàm liên quan | C4: Người phụ trách sửa | D4: Mức độ | E4: Dữ liệu thử / Vị trí phát hiện | F4: Kết quả mong đợi (Theo PDF) | G4: Kết quả thực tế khi chạy | H4: Cách tái hiện & Yêu cầu sửa (Không sửa thay code) | I4: Trạng thái
A5: BUG_01 | B5: P1_CLAHE.ipynb (Cell 14 - Markdown) | C5: Người 1 / Người 5 | D5: Thấp (Trình bày) | E5: Ô Markdown khai báo AI ngay trên Cell 15 (So sánh 4 phương pháp) | F5: Ghi đúng tên công cụ: 'Công cụ: Gemini' | G5: Đang bị dư chữ lạ do gõ nhầm: 'Công cụ: Gemini 4 argon' | H5: Mở experiments/P1_CLAHE.ipynb tại Cell 14, xóa chữ '4 argon' để đồng bộ với Cell 7 và Cell 10. | I5: OPEN
A6: BUG_02 | B6: Thư mục src/ (Đặt tên file module) | C6: Cả nhóm (Người 1, 2, 3, 4, 5) | D6: Trung bình (Tích hợp) | E6: Đối chiếu tên file của 3 người: P1_CLAHE.py, integral_threshold.py, Hough.py | F6: Thống nhất tên file và cách import trong main.ipynb | G6: Tên file đang đặt theo 3 kiểu khác nhau (P1_CLAHE.py, integral_threshold.py, Hough.py) | H6: Thống nhất quy ước tên file trong src/ trước khi ghép vào main.ipynb để tránh lỗi ImportError. | I6: OPEN
A7: BUG_03 | B7: Phụ thuộc Phần A (cau_A.py / convolve2d) | C7: Người 3 + Cả nhóm | D7: Cao (Phụ thuộc bắt buộc) | E7: Dòng 2 trong Hough.py: 'from cau_A import convolve2d' | F7: File cau_A.py chứa hàm convolve2d tự viết ở Phần A phải có mặt trong src/ | G7: Chưa có file cau_A.py trong thư mục dự án nên nếu bỏ scipy sẽ báo lỗi ModuleNotFoundError: No module named 'cau_A' | H7: Nhóm cần copy ngay file cau_A.py (chứa hàm convolve2d tự viết ở Phần A) vào cùng thư mục src/. | I7: OPEN
A8: BUG_04 | B8: P1_CLAHE.py (Kiểm thử biên tự động) | C8: Người 1 | D8: Thấp (Bổ sung test) | E8: Khối if __name__ == '__main__': trong src/P1_CLAHE.py | F8: Có sẵn assert cho cả ảnh phẳng đồng nhất và grid=(1,1) | G8: Hàm chạy PASS 100% với ảnh phẳng và grid=(1,1), chỉ cần dán thêm 2 dòng assert vào Cell 5 cho đầy đủ | H8: Bổ sung thêm assert ảnh phẳng (64x64) và ảnh nhỏ grid=(1,1) vào Cell 5 của P1_CLAHE.ipynb. | I8: RESOLVED
A9: BUG_05 | B9: Kỹ thuật 2: integral_image(img) | C9: Người 2 | D9: Trung bình (Đặc tả kiểu dữ liệu) | E9: Gọi integral_image(np.ones((3,3), dtype=np.uint8)).dtype tại dòng 13-22 file integral_threshold.py | F9: Trả về bảng S kích thước (H+1, W+1), kiểu dữ liệu dtype = int64 (theo mục 3.5 trang 8 PDF) | G9: Hàm trả về S có kích thước (4, 4) và giá trị đúng, nhưng dtype = float64 | H9: Báo Người 2 sửa kiểu dữ liệu trong hàm integral_image(img) từ np.float64 sang np.int64 (lưu ý ép kiểu img.astype(np.int64) trước khi nhân img*img ở local_mean_std). | I9: OPEN
A10: BUG_06 | B10: Kỹ thuật 2: adaptive_threshold(...) | C10: Người 2 | D10: Thấp (Đặc tả tham số mặc định) | E10: Kiểm tra chữ ký hàm tại dòng 58 file integral_threshold.py | F10: def adaptive_threshold(img, radius=15, method='bradley', t=0.15, k=0.34): (mục 3.5 trang 8 PDF) | G10: Đang viết: def adaptive_threshold(img, radius=15, method='sauvola', t=0.15, k=0.3, R=128.0): | H10: Báo Người 2 chỉnh lại giá trị mặc định trên dòng def thành method='bradley', t=0.15, k=0.34 để khớp tuyệt đối với đặc tả. | I10: OPEN
A11: BUG_07 | B11: Kỹ thuật 2: Phần thí nghiệm (exp1, exp2, exp5) & Notebook | C11: Người 2 + Người 5 | D11: Trung bình (Thí nghiệm bắt buộc) | E11: Kiểm tra các hàm exp1_global_vs_adaptive, exp2_radius, exp5_timing trong integral_threshold.py và ảnh k2_01..k2_05.png | F11: (1) Mục 3.4: Quét đủ 7 bán kính r in {1, 2, 4, 8, 16, 32, 64} với tích chập trực tiếp O(r^2), tách được O(r), ảnh tích phân O(1); (2) Mục 3.6a: Thể hiện rõ nét chữ dày bị rỗng ruột khi r quá nhỏ; (3) Mục 3.6b: So sánh đủ 4 phương pháp (Thủ công, Otsu, Bradley, Sauvola); (4) Đưa vào Notebook có khai báo AI. | G11: (1) exp5_timing mới quét [2, 4, 8, 16, 32, 64] (thiếu r=1); (2) exp1 mới vẽ 3 phương pháp (thiếu ngưỡng cố định thủ công); (3) Nét chữ trong ảnh doc hơi mảnh nên tại r=5 chưa thấy rõ hiện tượng rỗng ruột; (4) Đang để dạng file .py rời, chưa có ô Markdown khai báo Prompt AI. | H11: Báo Người 2 & Người 5: Thêm r=1 vào mảng radii; thêm 1 cột Ngưỡng cố định thủ công vào exp1; thêm 1 chữ/hình nét dày vào exp2 để lộ hiện tượng rỗng ruột ở r nhỏ; đóng gói vào Notebook kèm khai báo AI. | I11: OPEN
A12: BUG_08 | B12: Kỹ thuật 3: hough_accumulate(...) | C12: Người 3 | D12: Cao (Sai đặc tả hàm mục 4.6) | E12: Kiểm tra chữ ký và giá trị trả về của hough_accumulate tại dòng 4 và dòng 50 file Hough.py | F12: def hough_accumulate(edges, theta_range, rho_range, n_theta, n_rho, grad_dir=None, delta_deg=None): -> Trả về (A, thetas, rhos) | G12: Đang viết: def hough_accumulate(edges, delta_deg=1.0, grad_dir=None, grad_delta=10.0): -> Trả về (A, rhos, thetas_deg) | H12: Báo Người 3 cập nhật lại tham số hàm nhận được (theta_range, rho_range, n_theta, n_rho, grad_dir=None, delta_deg=None) để hỗ trợ cả bước thô lẫn bước mịn đa tỉ lệ, và đảo thứ tự return thành (A, thetas, rhos). | I12: OPEN
A13: BUG_09 | B13: Kỹ thuật 3: find_peaks(...) - Vi phạm thư viện | C13: Người 3 | D13: Nghiêm trọng (Cấm dùng scipy) | E13: Dòng 61-62 trong Hough.py và dòng 3 Cell 3 trong P3_Hough.ipynb | F13: Chỉ được dùng hàm convolve2d do nhóm tự viết ở Phần A (mục 4.6 trang 11 PDF) | G13: Đang import và gọi 'from scipy.signal import convolve2d' để làm mượt mảng tích lũy A | H13: Báo Người 3 xóa ngay dòng 'from scipy.signal import convolve2d' và chỉ gọi hàm convolve2d từ Phần A của nhóm. | I13: OPEN
A14: BUG_10 | B14: Kỹ thuật 3: find_peaks(...) - Sai kiểu trả về | C14: Người 3 | D14: Cao (Sai đặc tả đầu ra) | E14: Dòng 89 trong Hough.py: 'return peak_y, peak_x' | F14: Trả về danh sách (rho, theta, votes) sắp xếp theo số phiếu giảm dần (mục 4.6 trang 11 PDF) | G14: Hàm chỉ trả về 2 mảng chỉ số (peak_y, peak_x), thiếu giá trị số phiếu (votes) và không lọc bỏ các phần tử bằng 0 khi số đỉnh thực tế < n_peaks | H14: Báo Người 3 sửa phần trả về của find_peaks để trả về danh sách các bộ (rho, theta, votes) (hoặc chỉ số kèm votes) theo đúng đặc tả. | I14: OPEN
A15: BUG_11 | B15: Kỹ thuật 3: hough_multiscale(...) - Lỗi quấn góc 0°/180° | C15: Người 3 | D15: Nghiêm trọng (Điểm chấm cứng mục 4.3 & 5.1) | E15: Chạy hough_multiscale trên ảnh có 1 đường thẳng tại theta = 179.5°, rho = -80 (dòng 104-126 file Hough.py) | F15: Khi mở cửa sổ tinh chỉnh quanh theta* ~ 0°, phần góc âm quấn về phía 180° PHẢI KÈM THEO ĐỔI DẤU RHO (-rho, theta+pi). Phát hiện đúng theta = 179.5°, rho = -80. | G15: Hàm chỉ lấy 't_fine_range = t_fine_range % 180' mà không đổi dấu rho (hoặc không kiểm tra -rho trong r_fine_range [76..86]), khiến mọi phiếu ở 179.5° (có rho = -80) bị loại bỏ. Kết quả đoán sai thành theta = 0.0°, rho = 81. Ngoài ra trong NMS chưa xử lý tuần hoàn biên trái-phải của A nên 1 đường thẳng đứng sinh ra 2 đỉnh trùng lặp. | H15: Báo Người 3 đọc kỹ hộp cảnh báo 'Bẫy quấn vòng ở theta=0 và theta=pi' (trang 10 PDF): khi một góc trong cửa sổ lân cận bị âm (< 0) hoặc >= pi và phải quấn vòng (+-180°), thì giá trị rho tương ứng phải đổi dấu trước khi đối chiếu với dải r_fine_range围绕 r_c. | I15: OPEN
... A17: BUG_13 | B17: Kỹ thuật 3: P3_Hough.ipynb - Thiếu thí nghiệm mục 4.7 | C17: Người 3 + Người 5 | D17: Cao (Thiếu thí nghiệm bắt buộc) | E17: Kiểm tra toàn bộ nội dung file P3_Hough.ipynb | F17: Phải có đủ 3 mục thí nghiệm 4.7(a), 4.7(b), 4.7(c): (a) Quét >=4 giá trị d_theta và >=4 giá trị d_rho, vẽ mảng tích lũy A và đường phát hiện, quét số tầng n và hệ số r + vẽ sai số góc theo n; (b) So sánh Hough thô, Hough mịn, Hough đa tỉ lệ bằng 3 chỉ số (sai số góc, tỉ số đỉnh/nền, thời gian) + chạy bật/tắt gradient; (c) Ảnh đường 0.5°/179.5° và ảnh có đoạn rất dài + đoạn rất ngắn. | G17: Notebook P3_Hough.ipynb mới chỉ có 1 ô vẽ ảnh test và in ra 5 đỉnh (trong đó 'đoạn cực ngắn' ở Cell 8 đang vẽ thành hình vuông 5x5 pixel img_lines[100:105, 100:105]=255 nên không phát hiện được, còn đường x=50 cũng bị mất). Thiếu toàn bộ biểu đồ và bảng so sánh của mục 4.7a, 4.7b. | H17: Sau khi Người 3 sửa xong 3 hàm thuật toán, Người 5 phối hợp cùng Người 3 bổ sung đầy đủ các vòng lặp quét tham số, đồ thị sai số góc theo tầng n, bảng so sánh 3 chỉ số và thí nghiệm bật/tắt gradient vào P3_Hough.ipynb. | I17: OPEN

Sheet Checklist_Tich_Hop_AI
A1: CHECKLIST RÀ SOÁT QUY ĐỊNH THƯ VIỆN, KHAI BÁO AI & TÍCH HỢP CUỐI
A2: Cập nhật trạng thái thực tế của cả 3 kỹ thuật sau khi Người 4 kiểm tra code của Người 1, Người 2 và Người 3
A4: Mã mục | B4: Nhóm kiểm tra | C4: Nội dung kiểm tra chi tiết (Theo Computer_Vision 40.pdf) | D4: Phần 1 (CLAHE) | E4: Phần 2 (Ngưỡng thích nghi) | F4: Phần 3 (Hough đa tỉ lệ) | G4: Ghi chú của Người 4
A5: QC_01 | B5: Đặc tả hàm | C5: Đúng tên hàm, thứ tự tham số, giá trị mặc định và kiểu trả về (dtype, shape) theo mục 2.5, 3.5, 4.6 | D5: ĐẠT (3/3 hàm) | E5: CẦN SỬA NHẸ (Đổi int64 & default method='bradley') | F5: CHƯA ĐẠT (Sai chữ ký & kiểu trả về cả 3 hàm) | G5: Xem chi tiết tại BUG_05, BUG_06, BUG_08, BUG_10, BUG_12
A6: QC_02 | B6: Thư viện cấm | C6: Tuyệt đối không gọi hàm cv2/skimage/scipy bị cấm trong phần hàm tự cài đặt | D6: ĐẠT (Chỉ dùng NumPy) | E6: ĐẠT (Chỉ dùng NumPy) | F6: VI PHẠM (Đang dùng scipy.signal.convolve2d) | G6: Người 3 phải bỏ scipy.signal.convolve2d ngay (BUG_09)
A7: QC_03 | B7: Độ chính xác thuật toán | C7: Xử lý đúng các bẫy thuật toán (bảo toàn tổng hist & nội suy LUT; đệm 0 & kẹp phương sai >=0; quấn góc 0°/180° kèm đổi dấu rho) | D7: ĐẠT (10/10 test) | E7: ĐẠT (Khớp brute-force 100%, không NaN) | F7: CHƯA ĐẠT (Quên đổi dấu rho khi quấn góc 179.5°) | G7: Người 3 cần sửa lỗi đổi dấu rho ở bước mịn (BUG_11)
A8: QC_04 | B8: Quy định AI (Thí nghiệm) | C8: Mọi ô code thí nghiệm có dùng AI đều có ô Markdown '### Có dùng AI hỗ trợ' ngay phía trên kèm Prompt nguyên văn | D8: ĐẠT (Sửa typo nhỏ ở Cell 14) | E8: CHƯA ĐƯA VÀO NOTEBOOK (Mới gửi file .py) | F8: ĐẠT (Tại Cell 7 của P3_Hough.ipynb) | G8: Khi đưa code thí nghiệm P2 và P3 vào Notebook nhớ kèm đủ Prompt AI
A9: QC_05 | B9: Số lượng tham số quét | C9: Đủ số lượng tối thiểu: CLAHE (4 clip_limit x 4 grid); Ngưỡng (5 radius x 3 t/k + 7 bán kính đo thời gian); Hough (4 d_theta x 4 d_rho) | D9: ĐẠT (4 clip x 4 grid) | E9: CẦN BỔ SUNG (Thêm r=1 vào đồ thị thời gian & ngưỡng thủ công) | F9: CHƯA ĐẠT (Thiếu toàn bộ quét tham số mục 4.7a, 4.7b) | G9: Xem chi tiết tại BUG_07 và BUG_13
A10: QC_06 | B10: Bộ ảnh thử đặc thù | C10: Chọn đúng ảnh làm bộc lộ ưu/nhược điểm (ảnh thắng/thua cho CLAHE; ảnh sáng không đều & nền phẳng rộng cho Sauvola; đường 0.5°/179.5° & dài/ngắn cho Hough) | D10: ĐẠT (Có đủ ảnh thắng & thua) | E10: ĐẠT 90% (Thêm nét chữ dày để thấy rõ rỗng ruột ở r nhỏ) | F10: CẦN SỬA (Đoạn ngắn đang vẽ thành ô vuông 5x5) | G10: Xem chi tiết tại BUG_07 và BUG_13
A11: QC_07 | B11: Chạy End-to-End | C11: Restart Kernel & Run All chạy mượt từ đầu đến cuối, không lỗi thứ tự chạy cell hoặc biến chưa khởi tạo | D11: ĐẠT (Trên P1_CLAHE.ipynb) | E11: ĐẠT (Trên integral_threshold.py) | F11: CẦN SỬA (Chưa có cau_A.py trong src/) | G11: Sẽ tích hợp chung vào main.ipynb sau khi P2 & P3 sửa xong lỗi
